{
  "accuracy": 0.7484444444444445,
  "f1_weighted": 0.6407628085635204,
  "f1_macro": 0.4280630401626843,
  "precision_weighted": 0.5601690864197532,
  "recall_weighted": 0.7484444444444445,
  "classification_report": {
    "Benign": {
      "precision": 0.7484444444444445,
      "recall": 1.0,
      "f1-score": 0.8561260803253686,
      "support": 1684.0
    },
    "Malicious": {
      "precision": 0.0,
      "recall": 0.0,
      "f1-score": 0.0,
      "support": 566.0
    },
    "accuracy": 0.7484444444444445,
    "macro avg": {
      "precision": 0.37422222222222223,
      "recall": 0.5,
      "f1-score": 0.4280630401626843,
      "support": 2250.0
    },
    "weighted avg": {
      "precision": 0.5601690864197532,
      "recall": 0.7484444444444445,
      "f1-score": 0.6407628085635204,
      "support": 2250.0
    }
  },
  "confusion_matrix": [
    [
      1684,
      0
    ],
    [
      566,
      0
    ]
  ],
  "confusion_matrix_normalized": [
    [
      0.9999999999999406,
      0.0
    ],
    [
      0.9999999999998233,
      0.0
    ]
  ],
  "tpr_per_class": {
    "Benign": 1.0,
    "Malicious": 0.0
  },
  "fpr_per_class": {
    "Benign": 1.0,
    "Malicious": 0.0
  },
  "tpr_mean": 0.5,
  "fpr_mean": 0.5,
  "auc_per_class": {
    "Benign": 0.5071211695189813,
    "Malicious": 0.5071211695189815
  },
  "auc_macro": 0.5071211695189815,
  "inference_time_seconds": 0.12895512580871582,
  "inference_time_per_sample_ms": 0.057313389248318136,
  "per_attack_analysis": {
    "per_class_results": {
      "Benign": {
        "total_samples": 1684,
        "correctly_classified": 1684,
        "accuracy": 1.0,
        "misclassified_as": {}
      },
      "Malicious": {
        "total_samples": 566,
        "correctly_classified": 0,
        "accuracy": 0.0,
        "misclassified_as": {
          "Benign": 566
        }
      }
    },
    "hardest_to_detect": [
      "Malicious",
      "Benign"
    ],
    "easiest_to_detect": [
      "Benign",
      "Malicious"
    ]
  }
}