{
  "accuracy": 0.2551111111111111,
  "f1_weighted": 0.1084880618024826,
  "f1_macro": 0.20629508395465843,
  "precision_weighted": 0.8119504410744376,
  "recall_weighted": 0.2551111111111111,
  "classification_report": {
    "Benign": {
      "precision": 1.0,
      "recall": 0.004750593824228029,
      "f1-score": 0.009456264775413711,
      "support": 1684.0
    },
    "Malicious": {
      "precision": 0.25245316681534347,
      "recall": 1.0,
      "f1-score": 0.4031339031339031,
      "support": 566.0
    },
    "accuracy": 0.2551111111111111,
    "macro avg": {
      "precision": 0.6262265834076717,
      "recall": 0.502375296912114,
      "f1-score": 0.20629508395465843,
      "support": 2250.0
    },
    "weighted avg": {
      "precision": 0.8119504410744376,
      "recall": 0.2551111111111111,
      "f1-score": 0.1084880618024826,
      "support": 2250.0
    }
  },
  "confusion_matrix": [
    [
      8,
      1676
    ],
    [
      0,
      566
    ]
  ],
  "confusion_matrix_normalized": [
    [
      0.004750593824227746,
      0.9952494061757129
    ],
    [
      0.0,
      0.9999999999998233
    ]
  ],
  "tpr_per_class": {
    "Benign": 0.004750593824228029,
    "Malicious": 1.0
  },
  "fpr_per_class": {
    "Benign": 0.0,
    "Malicious": 0.995249406175772
  },
  "tpr_mean": 0.502375296912114,
  "fpr_mean": 0.497624703087886,
  "auc_per_class": {
    "Benign": 0.4843937537245159,
    "Malicious": 0.484393753724516
  },
  "auc_macro": 0.48439375372451593,
  "inference_time_seconds": 1.0255932807922363,
  "inference_time_per_sample_ms": 0.4558192359076606,
  "per_attack_analysis": {
    "per_class_results": {
      "Benign": {
        "total_samples": 1684,
        "correctly_classified": 8,
        "accuracy": 0.004750593824228029,
        "misclassified_as": {
          "Malicious": 1676
        }
      },
      "Malicious": {
        "total_samples": 566,
        "correctly_classified": 566,
        "accuracy": 1.0,
        "misclassified_as": {}
      }
    },
    "hardest_to_detect": [
      "Benign",
      "Malicious"
    ],
    "easiest_to_detect": [
      "Malicious",
      "Benign"
    ]
  }
}