{
  "train_loss": [
    0.2686255475963865,
    0.15164755006631214,
    0.12041088529711678,
    0.10528557636056628,
    0.09917555016563052
  ],
  "val_loss": [
    0.1023175484140714,
    0.05947131265203158,
    0.04329682692885399,
    0.034025233679347566,
    0.03119196740123961
  ],
  "lr": [
    0.001,
    0.001,
    0.001,
    0.001,
    0.001
  ]
}