{
  "random_forest": {
    "model": "random_forest",
    "train_time_seconds": 0.507892370223999,
    "inference_time_seconds": 0.05716085433959961,
    "inference_time_per_sample_ms": 0.02540482415093316,
    "test_accuracy": 0.7395555555555555,
    "test_f1_weighted": 0.6433670971377975,
    "test_precision_weighted": 0.6195588549432652,
    "test_recall_weighted": 0.7395555555555555,
    "classification_report": {
      "0": {
        "precision": 0.7481916817359855,
        "recall": 0.9827790973871734,
        "f1-score": 0.8495893223819302,
        "support": 1684.0
      },
      "1": {
        "precision": 0.23684210526315788,
        "recall": 0.015901060070671377,
        "f1-score": 0.029801324503311258,
        "support": 566.0
      },
      "accuracy": 0.7395555555555555,
      "macro avg": {
        "precision": 0.4925168934995717,
        "recall": 0.4993400787289224,
        "f1-score": 0.43969532344262074,
        "support": 2250.0
      },
      "weighted avg": {
        "precision": 0.6195588549432652,
        "recall": 0.7395555555555555,
        "f1-score": 0.6433670971377975,
        "support": 2250.0
      }
    },
    "cv_accuracy_mean": 0.7362857142857143,
    "cv_accuracy_std": 0.0033046383948376187,
    "cv_accuracy_train_mean": 0.9996190476190476,
    "cv_f1_weighted_mean": 0.6430015036985988,
    "cv_f1_weighted_std": 0.0040573653281286695,
    "cv_f1_weighted_train_mean": 0.9996189279377233,
    "cv_precision_weighted_mean": 0.6165349104261624,
    "cv_precision_weighted_std": 0.020268393527295762,
    "cv_precision_weighted_train_mean": 0.9996192899136302,
    "cv_recall_weighted_mean": 0.7362857142857143,
    "cv_recall_weighted_std": 0.0033046383948376187,
    "cv_recall_weighted_train_mean": 0.9996190476190476,
    "cv_fit_time_mean": 1.2349018096923827
  },
  "svm": {
    "model": "svm",
    "train_time_seconds": 18.253878831863403,
    "inference_time_seconds": 0.9779789447784424,
    "inference_time_per_sample_ms": 0.4346573087904188,
    "test_accuracy": 0.2551111111111111,
    "test_f1_weighted": 0.1084880618024826,
    "test_precision_weighted": 0.8119504410744376,
    "test_recall_weighted": 0.2551111111111111,
    "classification_report": {
      "0": {
        "precision": 1.0,
        "recall": 0.004750593824228029,
        "f1-score": 0.009456264775413711,
        "support": 1684.0
      },
      "1": {
        "precision": 0.25245316681534347,
        "recall": 1.0,
        "f1-score": 0.4031339031339031,
        "support": 566.0
      },
      "accuracy": 0.2551111111111111,
      "macro avg": {
        "precision": 0.6262265834076717,
        "recall": 0.502375296912114,
        "f1-score": 0.20629508395465843,
        "support": 2250.0
      },
      "weighted avg": {
        "precision": 0.8119504410744376,
        "recall": 0.2551111111111111,
        "f1-score": 0.1084880618024826,
        "support": 2250.0
      }
    },
    "cv_accuracy_mean": 0.25980952380952377,
    "cv_accuracy_std": 0.003152941972808928,
    "cv_accuracy_train_mean": 0.26235714285714284,
    "cv_f1_weighted_mean": 0.12488315296604195,
    "cv_f1_weighted_std": 0.008662845068402081,
    "cv_f1_weighted_train_mean": 0.1272700746893582,
    "cv_precision_weighted_mean": 0.6193656976305297,
    "cv_precision_weighted_std": 0.03248214732553095,
    "cv_precision_weighted_train_mean": 0.6961860279214667,
    "cv_recall_weighted_mean": 0.25980952380952377,
    "cv_recall_weighted_std": 0.003152941972808928,
    "cv_recall_weighted_train_mean": 0.26235714285714284,
    "cv_fit_time_mean": 25.28231806755066
  },
  "xgboost": {
    "model": "xgboost",
    "train_time_seconds": 0.9589576721191406,
    "inference_time_seconds": 0.016809940338134766,
    "inference_time_per_sample_ms": 0.0074710845947265625,
    "test_accuracy": 0.7431111111111111,
    "test_f1_weighted": 0.6389545077801235,
    "test_precision_weighted": 0.5772932390606809,
    "test_recall_weighted": 0.7431111111111111,
    "classification_report": {
      "0": {
        "precision": 0.7473166368515206,
        "recall": 0.9922802850356295,
        "f1-score": 0.8525510204081632,
        "support": 1684.0
      },
      "1": {
        "precision": 0.07142857142857142,
        "recall": 0.0017667844522968198,
        "f1-score": 0.0034482758620689655,
        "support": 566.0
      },
      "accuracy": 0.7431111111111111,
      "macro avg": {
        "precision": 0.409372604140046,
        "recall": 0.49702353474396316,
        "f1-score": 0.4279996481351161,
        "support": 2250.0
      },
      "weighted avg": {
        "precision": 0.5772932390606809,
        "recall": 0.7431111111111111,
        "f1-score": 0.6389545077801235,
        "support": 2250.0
      }
    },
    "cv_accuracy_mean": 0.7447619047619047,
    "cv_accuracy_std": 0.002064712703683706,
    "cv_accuracy_train_mean": 0.7810952380952381,
    "cv_f1_weighted_mean": 0.6438907388488075,
    "cv_f1_weighted_std": 0.002317490240811738,
    "cv_f1_weighted_train_mean": 0.711055420412286,
    "cv_precision_weighted_mean": 0.6410798278840943,
    "cv_precision_weighted_std": 0.02819231907346895,
    "cv_precision_weighted_train_mean": 0.8297879920516605,
    "cv_recall_weighted_mean": 0.7447619047619047,
    "cv_recall_weighted_std": 0.002064712703683706,
    "cv_recall_weighted_train_mean": 0.7810952380952381,
    "cv_fit_time_mean": 11.909098577499389
  }
}