{
  "Benign": {
    "precision": 0.7484444444444445,
    "recall": 1.0,
    "f1-score": 0.8561260803253686,
    "support": 1684.0
  },
  "Malicious": {
    "precision": 0.0,
    "recall": 0.0,
    "f1-score": 0.0,
    "support": 566.0
  },
  "accuracy": 0.7484444444444445,
  "macro avg": {
    "precision": 0.37422222222222223,
    "recall": 0.5,
    "f1-score": 0.4280630401626843,
    "support": 2250.0
  },
  "weighted avg": {
    "precision": 0.5601690864197532,
    "recall": 0.7484444444444445,
    "f1-score": 0.6407628085635204,
    "support": 2250.0
  }
}