{
  "train_loss": [
    0.5770257031804039,
    0.5726548690114702,
    0.5703297346660069,
    0.5684239272617159,
    0.5671615909167699
  ],
  "val_loss": [
    0.565486898528205,
    0.5645443007681105,
    0.56829570362303,
    0.5646704653633965,
    0.5809007062911987
  ],
  "lr": [
    0.001,
    0.001,
    0.001,
    0.001,
    0.001
  ]
}