{
  "train_loss": [
    0.5868837030274527,
    0.5798903732413337,
    0.5736668997265044,
    0.5744816380909511,
    0.5711819762048267
  ],
  "val_loss": [
    0.5966243903372023,
    0.577366063064999,
    0.5922084678543938,
    0.5879326825141906,
    0.5804872026443482
  ],
  "lr": [
    0.001,
    0.001,
    0.001,
    0.001,
    0.001
  ]
}