{
  "train_loss": [
    0.6033656350885118,
    0.5818305848439534,
    0.5768632294791085,
    0.5744369634219578,
    0.5732808362415859
  ],
  "val_loss": [
    0.5736917920642429,
    0.5728859260347154,
    0.568729994614919,
    0.5723413330713908,
    0.571254626221127
  ],
  "lr": [
    0.001,
    0.001,
    0.001,
    0.001,
    0.001
  ]
}