{
  "train_loss": [
    2283.6049110756267,
    7.494363695663229,
    3.397537716953573,
    3.8492093544825394,
    2.12791349685216,
    6.235538362487083,
    3.638672990986518,
    8.689102355153686,
    5.28645121717002,
    3.7659117283113273,
    31.522796330157433,
    2.133273299277118,
    22.793212408643967,
    0.6427338357390783,
    3.631042275942333,
    0.10777765421013395,
    0.3291650490913099
  ],
  "val_loss": [
    0.22710220457472427,
    0.1978127609856759,
    0.1882346391656311,
    1.1436793557879406,
    0.191173656443251,
    0.18462400581385638,
    0.18093868336569757,
    0.1881710346794383,
    0.18417608245383538,
    0.19328011206999968,
    0.19848885416765788,
    0.19623838718920472,
    0.18645278989900776,
    0.19122535320287445,
    0.19116600875083628,
    0.18677202638679108,
    0.18783607031599378
  ],
  "lr": [
    0.001,
    0.001,
    0.001,
    0.001,
    0.001,
    0.001,
    0.001,
    0.001,
    0.001,
    0.001,
    0.001,
    0.001,
    0.001,
    0.0005,
    0.0005,
    0.0005,
    0.0005
  ],
  "val_macro_f1": [
    0.8535964934076754,
    0.8653267228967624,
    0.8874419420077344,
    0.7813467112794448,
    0.8726845555959735,
    0.8797437870625793,
    0.8881300471107126,
    0.8900562482195673,
    0.8925095524669507,
    0.8878782623109671,
    0.8871357910761665,
    0.8876582771692151,
    0.8895219202731157,
    0.8901582127491122,
    0.8927029320805933,
    0.8927029320805933,
    0.8927943203666209
  ]
}