{
  "BENIGN": {
    "precision": 0.9984237784282819,
    "recall": 0.7971952535059331,
    "f1-score": 0.8865340397880636,
    "support": 5562.0
  },
  "DDoS": {
    "precision": 0.6053653370984822,
    "recall": 0.9982537834691502,
    "f1-score": 0.7536805097780708,
    "support": 1718.0
  },
  "PortScan": {
    "precision": 0.9981992797118847,
    "recall": 0.995212447636146,
    "f1-score": 0.9967036260113875,
    "support": 1671.0
  },
  "WebAttack": {
    "precision": 0.7115384615384616,
    "recall": 0.9024390243902439,
    "f1-score": 0.7956989247311828,
    "support": 41.0
  },
  "accuracy": 0.8728870106761566,
  "macro avg": {
    "precision": 0.8283817141942776,
    "recall": 0.9232751272503683,
    "f1-score": 0.8581542750771762,
    "support": 8992.0
  },
  "weighted avg": {
    "precision": 0.9219767324371588,
    "recall": 0.8728870106761566,
    "f1-score": 0.88121006006216,
    "support": 8992.0
  },
  "summary": {
    "macro_f1": 0.8581542750771762,
    "weighted_f1": 0.88121006006216,
    "macro_recall": 0.9232751272503683
  }
}